580,"ERR::EMPTY_RESPONSE"
1470,"ERR::EMPTY_RESPONSE"
1498,"ERR::EMPTY_RESPONSE"
1512,"ERR::EMPTY_RESPONSE"
2025,"ERR::EMPTY_RESPONSE"
2112,"ERR::EMPTY_RESPONSE"
2141,""
2383,"ERR::EMPTY_RESPONSE"
2774,"ERR::EMPTY_RESPONSE"
2849,"ERR::EMPTY_RESPONSE"
3583,"ERR::EMPTY_RESPONSE"
3850,"ERR::EMPTY_RESPONSE"
3979,"ERR::EMPTY_RESPONSE"
4270,"ERR::EMPTY_RESPONSE"
4291,"ERR::EMPTY_RESPONSE"
4387,"ERR::EMPTY_RESPONSE"
4590,"ERR::EMPTY_RESPONSE"
4644,"ERR::EMPTY_RESPONSE"
5115,"ERR::EMPTY_RESPONSE"
5436,"ERR::EMPTY_RESPONSE"
5842,"ERR::EMPTY_RESPONSE"
5870,"ERR::EMPTY_RESPONSE"
6374,"ERR::EMPTY_RESPONSE"
6419,"ERR::EMPTY_RESPONSE"
6488,"ERR::EMPTY_RESPONSE"
7129,"ERR::EMPTY_RESPONSE"
7260,"ERR::EMPTY_RESPONSE"
7311,"ERR::EMPTY_RESPONSE"
