93,"ERR::EMPTY_RESPONSE"
450,"ERR::EMPTY_RESPONSE"
755,"ERR::EMPTY_RESPONSE"
1400,"ERR::EMPTY_RESPONSE"
1459,"ERR::EMPTY_RESPONSE"
1602,"ERR::EMPTY_RESPONSE"
1867,"ERR::EMPTY_RESPONSE"
1906,"ERR::EMPTY_RESPONSE"
1982,"ERR::EMPTY_RESPONSE"
2441,"ERR::EMPTY_RESPONSE"
2532,"ERR::EMPTY_RESPONSE"
2611,"ERR::EMPTY_RESPONSE"
2817,"ERR::EMPTY_RESPONSE"
3132,"ERR::EMPTY_RESPONSE"
3217,"Unterminated string starting at: line 2 column 17 (char 18)"
3241,"ERR::EMPTY_RESPONSE"
3418,"ERR::EMPTY_RESPONSE"
3476,"ERR::EMPTY_RESPONSE"
3622,"ERR::EMPTY_RESPONSE"
3691,"ERR::EMPTY_RESPONSE"
3762,"ERR::EMPTY_RESPONSE"
4270,"ERR::EMPTY_RESPONSE"
4343,"ERR::EMPTY_RESPONSE"
4563,"ERR::EMPTY_RESPONSE"
4784,"ERR::EMPTY_RESPONSE"
4785,"ERR::EMPTY_RESPONSE"
5098,"ERR::EMPTY_RESPONSE"
5356,"ERR::EMPTY_RESPONSE"
5736,""
5959,"ERR::EMPTY_RESPONSE"
5965,"ERR::EMPTY_RESPONSE"
6233,"ERR::EMPTY_RESPONSE"
6391,"ERR::EMPTY_RESPONSE"
6563,"ERR::EMPTY_RESPONSE"
6568,"ERR::EMPTY_RESPONSE"
6602,"ERR::EMPTY_RESPONSE"
6640,"ERR::EMPTY_RESPONSE"
7067,"ERR::EMPTY_RESPONSE"
7069,"ERR::EMPTY_RESPONSE"
7149,"ERR::EMPTY_RESPONSE"
7324,"ERR::EMPTY_RESPONSE"
